<Workers>
  <Worker>
      <id>1</id>
      <name>Dan</name>
      <coordinates>
        <x>1.0</x>
        <y>9.0</y>
      </coordinates>
      <creationDate>12.05.18</creationDate>
      <salary>40000</salary>
      <endDate>24.04.20 22:22:22</endDate>
      <position>LABORER</position>
      <status>HIRED</status>
      <organization>
        <fullName>Avialist</fullName>
        <employeesCount>55</employeesCount>
        <type>PUBLIC</type>
      </organization>
 </Worker>
  <Worker>
      <id>3</id>
      <name>Jin</name>
      <coordinates>
        <x>3.0</x>
        <y>7.0</y>
      </coordinates>
      <creationDate>27.01.17</creationDate>
      <salary>33000</salary>
      <endDate>02.07.19 12:41:06</endDate>
      <position>LEAD_DEVELOPER</position>
      <status>RECOMMENDED_FOR_PROMOTION</status>
      <organization>
        <fullName>asdfg</fullName>
        <employeesCount>789</employeesCount>
        <type>TRUST</type>
      </organization>
 </Worker>
  <Worker>
      <id>4</id>
      <name>Adam</name>
      <coordinates>
        <x>4.0</x>
        <y>6.0</y>
      </coordinates>
      <creationDate>02.11.07</creationDate>
      <salary>78960</salary>
      <endDate>12.05.20 13:45:16</endDate>
      <position>CLEANER</position>
      <status>PROBATION</status>
      <organization>
        <fullName>Dddkfk</fullName>
        <employeesCount>100</employeesCount>
        <type>PUBLIC</type>
      </organization>
 </Worker>
</Workers>
